id;country;province;post_code;city;street_line_1;street_line_2;email;phone_1;phone_2
1;Philippines;feed Human;67198-1653;Round Rock;navigating Sports;needs-based Passage;Stuart.Mayer@hotmail.com;Pants relationships Health;methodical
2;Virgin Islands, U.S.;purple Credit Developer;51416;Huelshaven;Ports China;North bypassing capacitor;Chelsey24@gmail.com;Timor-Leste;Skyway Account
3;Romania;Alaska;60879;Grand Forks;initiative Loan calculating;transmit;Alyce.Dach@hotmail.com;USB;Dinar
4;Canada;withdrawal bus azure;86058-9679;Mohrville;motivating;parse Luxembourg;Kameron97@gmail.com;out-of-the-box payment calculating;payment boliviano Garden
5;Guyana;Tasty Cuban;61689;Millsside;calculating;Shoes;Elvis.Davis23@gmail.com;compelling generating;Soft
6;Senegal;COM;23058;Lake Ariane;compelling Haven Plastic;invoice Steel CSS;Destini81@hotmail.com;navigate infrastructures;Tasty Soft olive
7;Austria;Grocery Soft;57415;Effertzville;Ramp;Chicken killer cyan;Hilma23@gmail.com;Berkshire Frozen;local turquoise e-tailers
8;Sao Tome and Principe;Buckinghamshire auxiliary;60978;Leschberg;Senior Licensed bandwidth;wireless Rupiah Balanced;Daphne.Kshlerin9@gmail.com;microchip Toys;Practical
9;Kyrgyz Republic;web-enabled invoice;36565-5196;Port Alvina;Wells South override;SMTP primary;Tabitha67@gmail.com;Buckinghamshire;Steel Barbados Massachusetts
10;Estonia;Bosnia Intelligent Savings;27282-0896;Gideonville;index Mexico Wooden;salmon Innovative compressing;Rowland.Quigley39@gmail.com;withdrawal;matrix Division state
